image,object,confidence,x_min,y_min,x_max,y_max
test.jpg,car,0.9105,0.25,631.1,197.81,783.3
test.jpg,person,0.8137,149.92,493.19,201.5,640.65
test.jpg,person,0.7708,301.19,513.83,359.53,665.61
test.jpg,person,0.7664,317.62,690.09,384.07,786.0
test.jpg,person,0.7138,403.71,611.43,464.64,727.91
test.jpg,person,0.7131,0.0,329.95,46.1,460.6
test.jpg,person,0.6277,388.35,499.13,443.82,639.72
test.jpg,person,0.5778,23.36,499.98,78.12,610.08
test.jpg,person,0.5496,641.58,674.43,701.5,785.55
test.jpg,person,0.5331,595.81,578.04,655.01,684.07
test.jpg,person,0.527,391.73,727.95,445.78,786.0
test.jpg,person,0.4947,23.84,757.07,53.08,786.0
test.jpg,bus,0.4718,193.23,111.22,784.52,309.7
test.jpg,person,0.4459,329.74,315.6,361.46,437.45
test.jpg,person,0.4432,84.73,485.77,123.31,536.41
test.jpg,person,0.4216,626.78,348.47,676.24,453.22
test.jpg,person,0.4196,459.35,692.5,498.87,778.51
test.jpg,person,0.4159,682.78,736.31,731.76,786.0
test.jpg,bus,0.4002,124.24,420.63,241.26,572.56
test.jpg,person,0.3984,570.28,727.32,623.73,786.0
test.jpg,bus,0.3607,52.58,248.15,230.86,356.59
test.jpg,truck,0.3535,124.63,421.31,241.79,575.77
test.jpg,person,0.3367,436.0,505.11,478.02,583.68
test.jpg,bus,0.3296,0.2,138.45,201.06,309.93
test.jpg,person,0.326,773.43,477.43,817.69,576.92
test.jpg,person,0.3259,759.23,553.0,817.45,714.08
test.jpg,person,0.31,661.99,407.2,706.25,526.89
test.jpg,bus,0.3097,51.57,247.91,232.49,321.59
test.jpg,bus,0.3094,0.9,25.31,224.0,142.83
test.jpg,person,0.3092,41.77,278.99,79.83,337.66
test.jpg,person,0.3056,156.78,348.71,192.73,421.74
test.jpg,person,0.3022,695.13,640.48,750.8,748.05
test.jpg,person,0.2915,467.96,755.85,497.98,786.0
test.jpg,person,0.2899,562.42,290.67,597.79,374.32
test.jpg,motorcycle,0.2821,530.53,553.03,655.57,676.6
test.jpg,person,0.2741,621.25,419.57,652.15,500.13
test.jpg,person,0.2701,25.98,310.57,63.95,439.19
test.jpg,bus,0.2684,101.88,41.81,223.43,143.58
